--
-- PostgreSQL database dump
--

-- Dumped from database version 17.5
-- Dumped by pg_dump version 17.5
SET search_path TO public;
SET statement_timeout = 0;
SET lock_timeout = 0;
SET idle_in_transaction_session_timeout = 0;
SET transaction_timeout = 0;
SET client_encoding = 'UTF8';
SET standard_conforming_strings = on;
SELECT pg_catalog.set_config('search_path', '', false);
SET check_function_bodies = false;
SET xmloption = content;
SET client_min_messages = warning;
SET row_security = off;

SET default_tablespace = '';

SET default_table_access_method = heap;

--
-- Name: auth_group; Type: TABLE; Schema: public; Owner: postgres
--

CREATE TABLE public.auth_group (
    id integer NOT NULL,
    name character varying(150) NOT NULL
);


ALTER TABLE public.auth_group OWNER TO postgres;

--
-- Name: auth_group_id_seq; Type: SEQUENCE; Schema: public; Owner: postgres
--

ALTER TABLE public.auth_group ALTER COLUMN id ADD GENERATED BY DEFAULT AS IDENTITY (
    SEQUENCE NAME public.auth_group_id_seq
    START WITH 1
    INCREMENT BY 1
    NO MINVALUE
    NO MAXVALUE
    CACHE 1
);


--
-- Name: auth_group_permissions; Type: TABLE; Schema: public; Owner: postgres
--

CREATE TABLE public.auth_group_permissions (
    id bigint NOT NULL,
    group_id integer NOT NULL,
    permission_id integer NOT NULL
);


ALTER TABLE public.auth_group_permissions OWNER TO postgres;

--
-- Name: auth_group_permissions_id_seq; Type: SEQUENCE; Schema: public; Owner: postgres
--

ALTER TABLE public.auth_group_permissions ALTER COLUMN id ADD GENERATED BY DEFAULT AS IDENTITY (
    SEQUENCE NAME public.auth_group_permissions_id_seq
    START WITH 1
    INCREMENT BY 1
    NO MINVALUE
    NO MAXVALUE
    CACHE 1
);


--
-- Name: auth_permission; Type: TABLE; Schema: public; Owner: postgres
--

CREATE TABLE public.auth_permission (
    id integer NOT NULL,
    name character varying(255) NOT NULL,
    content_type_id integer NOT NULL,
    codename character varying(100) NOT NULL
);


ALTER TABLE public.auth_permission OWNER TO postgres;

--
-- Name: auth_permission_id_seq; Type: SEQUENCE; Schema: public; Owner: postgres
--

ALTER TABLE public.auth_permission ALTER COLUMN id ADD GENERATED BY DEFAULT AS IDENTITY (
    SEQUENCE NAME public.auth_permission_id_seq
    START WITH 1
    INCREMENT BY 1
    NO MINVALUE
    NO MAXVALUE
    CACHE 1
);


--
-- Name: django_admin_log; Type: TABLE; Schema: public; Owner: postgres
--

CREATE TABLE public.django_admin_log (
    id integer NOT NULL,
    action_time timestamp with time zone NOT NULL,
    object_id text,
    object_repr character varying(200) NOT NULL,
    action_flag smallint NOT NULL,
    change_message text NOT NULL,
    content_type_id integer,
    user_id bigint NOT NULL,
    CONSTRAINT django_admin_log_action_flag_check CHECK ((action_flag >= 0))
);


ALTER TABLE public.django_admin_log OWNER TO postgres;

--
-- Name: django_admin_log_id_seq; Type: SEQUENCE; Schema: public; Owner: postgres
--

ALTER TABLE public.django_admin_log ALTER COLUMN id ADD GENERATED BY DEFAULT AS IDENTITY (
    SEQUENCE NAME public.django_admin_log_id_seq
    START WITH 1
    INCREMENT BY 1
    NO MINVALUE
    NO MAXVALUE
    CACHE 1
);


--
-- Name: django_content_type; Type: TABLE; Schema: public; Owner: postgres
--

CREATE TABLE public.django_content_type (
    id integer NOT NULL,
    app_label character varying(100) NOT NULL,
    model character varying(100) NOT NULL
);


ALTER TABLE public.django_content_type OWNER TO postgres;

--
-- Name: django_content_type_id_seq; Type: SEQUENCE; Schema: public; Owner: postgres
--

ALTER TABLE public.django_content_type ALTER COLUMN id ADD GENERATED BY DEFAULT AS IDENTITY (
    SEQUENCE NAME public.django_content_type_id_seq
    START WITH 1
    INCREMENT BY 1
    NO MINVALUE
    NO MAXVALUE
    CACHE 1
);


--
-- Name: django_migrations; Type: TABLE; Schema: public; Owner: postgres
--

CREATE TABLE public.django_migrations (
    id bigint NOT NULL,
    app character varying(255) NOT NULL,
    name character varying(255) NOT NULL,
    applied timestamp with time zone NOT NULL
);


ALTER TABLE public.django_migrations OWNER TO postgres;

--
-- Name: django_migrations_id_seq; Type: SEQUENCE; Schema: public; Owner: postgres
--

ALTER TABLE public.django_migrations ALTER COLUMN id ADD GENERATED BY DEFAULT AS IDENTITY (
    SEQUENCE NAME public.django_migrations_id_seq
    START WITH 1
    INCREMENT BY 1
    NO MINVALUE
    NO MAXVALUE
    CACHE 1
);


--
-- Name: django_session; Type: TABLE; Schema: public; Owner: postgres
--

CREATE TABLE public.django_session (
    session_key character varying(40) NOT NULL,
    session_data text NOT NULL,
    expire_date timestamp with time zone NOT NULL
);


ALTER TABLE public.django_session OWNER TO postgres;

--
-- Name: medico_calculationhistory; Type: TABLE; Schema: public; Owner: postgres
--

CREATE TABLE public.medico_calculationhistory (
    id bigint NOT NULL,
    calculated_value numeric(12,2) NOT NULL,
    calculated_at timestamp with time zone NOT NULL,
    notes text,
    user_id bigint NOT NULL,
    hospital_id bigint NOT NULL,
    operation_id bigint NOT NULL
);


ALTER TABLE public.medico_calculationhistory OWNER TO postgres;

--
-- Name: medico_calculationhistory_id_seq; Type: SEQUENCE; Schema: public; Owner: postgres
--

ALTER TABLE public.medico_calculationhistory ALTER COLUMN id ADD GENERATED BY DEFAULT AS IDENTITY (
    SEQUENCE NAME public.medico_calculationhistory_id_seq
    START WITH 1
    INCREMENT BY 1
    NO MINVALUE
    NO MAXVALUE
    CACHE 1
);


--
-- Name: medico_caseprocedure; Type: TABLE; Schema: public; Owner: postgres
--

CREATE TABLE public.medico_caseprocedure (
    id bigint NOT NULL,
    surgery_code character varying(50) NOT NULL,
    surgery_name character varying(500) NOT NULL,
    specialty character varying(100) NOT NULL,
    grupo character varying(100),
    rvu numeric(10,2) NOT NULL,
    hospital_factor numeric(5,2) NOT NULL,
    calculated_value numeric(15,2) NOT NULL,
    notes text,
    "order" integer NOT NULL,
    created_at timestamp with time zone NOT NULL,
    updated_at timestamp with time zone NOT NULL,
    case_id bigint NOT NULL,
    CONSTRAINT medico_caseprocedure_order_check CHECK (("order" >= 0))
);


ALTER TABLE public.medico_caseprocedure OWNER TO postgres;

--
-- Name: medico_caseprocedure_id_seq; Type: SEQUENCE; Schema: public; Owner: postgres
--

ALTER TABLE public.medico_caseprocedure ALTER COLUMN id ADD GENERATED BY DEFAULT AS IDENTITY (
    SEQUENCE NAME public.medico_caseprocedure_id_seq
    START WITH 1
    INCREMENT BY 1
    NO MINVALUE
    NO MAXVALUE
    CACHE 1
);


--
-- Name: medico_favorite; Type: TABLE; Schema: public; Owner: postgres
--

CREATE TABLE public.medico_favorite (
    id bigint NOT NULL,
    surgery_code character varying(50) NOT NULL,
    surgery_name character varying(500),
    specialty character varying(100),
    created_at timestamp with time zone NOT NULL,
    user_id bigint NOT NULL
);


ALTER TABLE public.medico_favorite OWNER TO postgres;

--
-- Name: medico_favorite_id_seq; Type: SEQUENCE; Schema: public; Owner: postgres
--

ALTER TABLE public.medico_favorite ALTER COLUMN id ADD GENERATED BY DEFAULT AS IDENTITY (
    SEQUENCE NAME public.medico_favorite_id_seq
    START WITH 1
    INCREMENT BY 1
    NO MINVALUE
    NO MAXVALUE
    CACHE 1
);


--
-- Name: medico_favoritehospital; Type: TABLE; Schema: public; Owner: postgres
--

CREATE TABLE public.medico_favoritehospital (
    id bigint NOT NULL,
    created_at timestamp with time zone NOT NULL,
    hospital_id bigint NOT NULL,
    user_id bigint NOT NULL
);


ALTER TABLE public.medico_favoritehospital OWNER TO postgres;

--
-- Name: medico_favoritehospital_id_seq; Type: SEQUENCE; Schema: public; Owner: postgres
--

ALTER TABLE public.medico_favoritehospital ALTER COLUMN id ADD GENERATED BY DEFAULT AS IDENTITY (
    SEQUENCE NAME public.medico_favoritehospital_id_seq
    START WITH 1
    INCREMENT BY 1
    NO MINVALUE
    NO MAXVALUE
    CACHE 1
);


--
-- Name: medico_hospital; Type: TABLE; Schema: public; Owner: postgres
--

CREATE TABLE public.medico_hospital (
    id bigint NOT NULL,
    name character varying(200) NOT NULL,
    location character varying(200),
    rate_multiplier numeric(5,2) NOT NULL,
    created_at timestamp with time zone NOT NULL,
    updated_at timestamp with time zone NOT NULL
);


ALTER TABLE public.medico_hospital OWNER TO postgres;

--
-- Name: medico_hospital_id_seq; Type: SEQUENCE; Schema: public; Owner: postgres
--

ALTER TABLE public.medico_hospital ALTER COLUMN id ADD GENERATED BY DEFAULT AS IDENTITY (
    SEQUENCE NAME public.medico_hospital_id_seq
    START WITH 1
    INCREMENT BY 1
    NO MINVALUE
    NO MAXVALUE
    CACHE 1
);


--
-- Name: medico_hospitaloperationrate; Type: TABLE; Schema: public; Owner: postgres
--

CREATE TABLE public.medico_hospitaloperationrate (
    id bigint NOT NULL,
    point_value numeric(10,2) NOT NULL,
    currency_per_point numeric(10,2) NOT NULL,
    last_updated timestamp with time zone NOT NULL,
    hospital_id bigint NOT NULL,
    operation_id bigint NOT NULL
);


ALTER TABLE public.medico_hospitaloperationrate OWNER TO postgres;

--
-- Name: medico_hospitaloperationrate_id_seq; Type: SEQUENCE; Schema: public; Owner: postgres
--

ALTER TABLE public.medico_hospitaloperationrate ALTER COLUMN id ADD GENERATED BY DEFAULT AS IDENTITY (
    SEQUENCE NAME public.medico_hospitaloperationrate_id_seq
    START WITH 1
    INCREMENT BY 1
    NO MINVALUE
    NO MAXVALUE
    CACHE 1
);


--
-- Name: medico_operation; Type: TABLE; Schema: public; Owner: postgres
--

CREATE TABLE public.medico_operation (
    id bigint NOT NULL,
    name character varying(300) NOT NULL,
    code character varying(50),
    base_points numeric(10,2) NOT NULL,
    description text,
    complexity integer NOT NULL,
    created_at timestamp with time zone NOT NULL,
    updated_at timestamp with time zone NOT NULL,
    specialty_id bigint NOT NULL
);


ALTER TABLE public.medico_operation OWNER TO postgres;

--
-- Name: medico_operation_id_seq; Type: SEQUENCE; Schema: public; Owner: postgres
--

ALTER TABLE public.medico_operation ALTER COLUMN id ADD GENERATED BY DEFAULT AS IDENTITY (
    SEQUENCE NAME public.medico_operation_id_seq
    START WITH 1
    INCREMENT BY 1
    NO MINVALUE
    NO MAXVALUE
    CACHE 1
);


--
-- Name: medico_specialty; Type: TABLE; Schema: public; Owner: postgres
--

CREATE TABLE public.medico_specialty (
    id bigint NOT NULL,
    name character varying(100) NOT NULL,
    description text,
    created_at timestamp with time zone NOT NULL,
    updated_at timestamp with time zone NOT NULL
);


ALTER TABLE public.medico_specialty OWNER TO postgres;

--
-- Name: medico_specialty_id_seq; Type: SEQUENCE; Schema: public; Owner: postgres
--

ALTER TABLE public.medico_specialty ALTER COLUMN id ADD GENERATED BY DEFAULT AS IDENTITY (
    SEQUENCE NAME public.medico_specialty_id_seq
    START WITH 1
    INCREMENT BY 1
    NO MINVALUE
    NO MAXVALUE
    CACHE 1
);


--
-- Name: medico_surgicalcase; Type: TABLE; Schema: public; Owner: postgres
--

CREATE TABLE public.medico_surgicalcase (
    id bigint NOT NULL,
    patient_name character varying(255) NOT NULL,
    patient_id character varying(50),
    patient_age integer,
    patient_gender character varying(10),
    surgery_date date NOT NULL,
    surgery_time time without time zone,
    status character varying(20) NOT NULL,
    notes text,
    diagnosis text,
    created_at timestamp with time zone NOT NULL,
    updated_at timestamp with time zone NOT NULL,
    created_by_id bigint NOT NULL,
    hospital_id bigint NOT NULL,
    CONSTRAINT medico_surgicalcase_patient_age_check CHECK ((patient_age >= 0))
);


ALTER TABLE public.medico_surgicalcase OWNER TO postgres;

--
-- Name: medico_surgicalcase_id_seq; Type: SEQUENCE; Schema: public; Owner: postgres
--

ALTER TABLE public.medico_surgicalcase ALTER COLUMN id ADD GENERATED BY DEFAULT AS IDENTITY (
    SEQUENCE NAME public.medico_surgicalcase_id_seq
    START WITH 1
    INCREMENT BY 1
    NO MINVALUE
    NO MAXVALUE
    CACHE 1
);


--
-- Name: medio_auth_customuser; Type: TABLE; Schema: public; Owner: postgres
--

CREATE TABLE public.medio_auth_customuser (
    id bigint NOT NULL,
    password character varying(128) NOT NULL,
    last_login timestamp with time zone,
    is_superuser boolean NOT NULL,
    username character varying(150) NOT NULL,
    first_name character varying(150) NOT NULL,
    last_name character varying(150) NOT NULL,
    is_staff boolean NOT NULL,
    is_active boolean NOT NULL,
    date_joined timestamp with time zone NOT NULL,
    phone character varying(20),
    specialty character varying(100),
    license_number character varying(50),
    hospital_default character varying(200),
    avatar character varying(100),
    signature_image character varying(100),
    is_verified boolean NOT NULL,
    email_verification_token character varying(100),
    theme_preference character varying(20) NOT NULL,
    created_at timestamp with time zone NOT NULL,
    updated_at timestamp with time zone NOT NULL,
    email character varying(254) NOT NULL
);


ALTER TABLE public.medio_auth_customuser OWNER TO postgres;

--
-- Name: medio_auth_customuser_groups; Type: TABLE; Schema: public; Owner: postgres
--

CREATE TABLE public.medio_auth_customuser_groups (
    id bigint NOT NULL,
    customuser_id bigint NOT NULL,
    group_id integer NOT NULL
);


ALTER TABLE public.medio_auth_customuser_groups OWNER TO postgres;

--
-- Name: medio_auth_customuser_groups_id_seq; Type: SEQUENCE; Schema: public; Owner: postgres
--

ALTER TABLE public.medio_auth_customuser_groups ALTER COLUMN id ADD GENERATED BY DEFAULT AS IDENTITY (
    SEQUENCE NAME public.medio_auth_customuser_groups_id_seq
    START WITH 1
    INCREMENT BY 1
    NO MINVALUE
    NO MAXVALUE
    CACHE 1
);


--
-- Name: medio_auth_customuser_id_seq; Type: SEQUENCE; Schema: public; Owner: postgres
--

ALTER TABLE public.medio_auth_customuser ALTER COLUMN id ADD GENERATED BY DEFAULT AS IDENTITY (
    SEQUENCE NAME public.medio_auth_customuser_id_seq
    START WITH 1
    INCREMENT BY 1
    NO MINVALUE
    NO MAXVALUE
    CACHE 1
);


--
-- Name: medio_auth_customuser_user_permissions; Type: TABLE; Schema: public; Owner: postgres
--

CREATE TABLE public.medio_auth_customuser_user_permissions (
    id bigint NOT NULL,
    customuser_id bigint NOT NULL,
    permission_id integer NOT NULL
);


ALTER TABLE public.medio_auth_customuser_user_permissions OWNER TO postgres;

--
-- Name: medio_auth_customuser_user_permissions_id_seq; Type: SEQUENCE; Schema: public; Owner: postgres
--

ALTER TABLE public.medio_auth_customuser_user_permissions ALTER COLUMN id ADD GENERATED BY DEFAULT AS IDENTITY (
    SEQUENCE NAME public.medio_auth_customuser_user_permissions_id_seq
    START WITH 1
    INCREMENT BY 1
    NO MINVALUE
    NO MAXVALUE
    CACHE 1
);


--
-- Name: token_blacklist_blacklistedtoken; Type: TABLE; Schema: public; Owner: postgres
--

CREATE TABLE public.token_blacklist_blacklistedtoken (
    id bigint NOT NULL,
    blacklisted_at timestamp with time zone NOT NULL,
    token_id bigint NOT NULL
);


ALTER TABLE public.token_blacklist_blacklistedtoken OWNER TO postgres;

--
-- Name: token_blacklist_blacklistedtoken_id_seq; Type: SEQUENCE; Schema: public; Owner: postgres
--

ALTER TABLE public.token_blacklist_blacklistedtoken ALTER COLUMN id ADD GENERATED BY DEFAULT AS IDENTITY (
    SEQUENCE NAME public.token_blacklist_blacklistedtoken_id_seq
    START WITH 1
    INCREMENT BY 1
    NO MINVALUE
    NO MAXVALUE
    CACHE 1
);


--
-- Name: token_blacklist_outstandingtoken; Type: TABLE; Schema: public; Owner: postgres
--

CREATE TABLE public.token_blacklist_outstandingtoken (
    id bigint NOT NULL,
    token text NOT NULL,
    created_at timestamp with time zone,
    expires_at timestamp with time zone NOT NULL,
    user_id bigint,
    jti character varying(255) NOT NULL
);


ALTER TABLE public.token_blacklist_outstandingtoken OWNER TO postgres;

--
-- Name: token_blacklist_outstandingtoken_id_seq; Type: SEQUENCE; Schema: public; Owner: postgres
--

ALTER TABLE public.token_blacklist_outstandingtoken ALTER COLUMN id ADD GENERATED BY DEFAULT AS IDENTITY (
    SEQUENCE NAME public.token_blacklist_outstandingtoken_id_seq
    START WITH 1
    INCREMENT BY 1
    NO MINVALUE
    NO MAXVALUE
    CACHE 1
);


--
-- Data for Name: auth_group; Type: TABLE DATA; Schema: public; Owner: postgres
--

COPY public.auth_group (id, name) FROM stdin;
\.


--
-- Data for Name: auth_group_permissions; Type: TABLE DATA; Schema: public; Owner: postgres
--

COPY public.auth_group_permissions (id, group_id, permission_id) FROM stdin;
\.


--
-- Data for Name: auth_permission; Type: TABLE DATA; Schema: public; Owner: postgres
--

COPY public.auth_permission (id, name, content_type_id, codename) FROM stdin;
1	Can add log entry	1	add_logentry
2	Can change log entry	1	change_logentry
3	Can delete log entry	1	delete_logentry
4	Can view log entry	1	view_logentry
5	Can add permission	2	add_permission
6	Can change permission	2	change_permission
7	Can delete permission	2	delete_permission
8	Can view permission	2	view_permission
9	Can add group	3	add_group
10	Can change group	3	change_group
11	Can delete group	3	delete_group
12	Can view group	3	view_group
13	Can add content type	4	add_contenttype
14	Can change content type	4	change_contenttype
15	Can delete content type	4	delete_contenttype
16	Can view content type	4	view_contenttype
17	Can add session	5	add_session
18	Can change session	5	change_session
19	Can delete session	5	delete_session
20	Can view session	5	view_session
21	Can add Blacklisted Token	6	add_blacklistedtoken
22	Can change Blacklisted Token	6	change_blacklistedtoken
23	Can delete Blacklisted Token	6	delete_blacklistedtoken
24	Can view Blacklisted Token	6	view_blacklistedtoken
25	Can add Outstanding Token	7	add_outstandingtoken
26	Can change Outstanding Token	7	change_outstandingtoken
27	Can delete Outstanding Token	7	delete_outstandingtoken
28	Can view Outstanding Token	7	view_outstandingtoken
29	Can add Usuario	8	add_customuser
30	Can change Usuario	8	change_customuser
31	Can delete Usuario	8	delete_customuser
32	Can view Usuario	8	view_customuser
33	Can add Hospital	9	add_hospital
34	Can change Hospital	9	change_hospital
35	Can delete Hospital	9	delete_hospital
36	Can view Hospital	9	view_hospital
37	Can add Especialidad	10	add_specialty
38	Can change Especialidad	10	change_specialty
39	Can delete Especialidad	10	delete_specialty
40	Can view Especialidad	10	view_specialty
41	Can add Operación	11	add_operation
42	Can change Operación	11	change_operation
43	Can delete Operación	11	delete_operation
44	Can view Operación	11	view_operation
45	Can add Tarifa Hospital-Operación	12	add_hospitaloperationrate
46	Can change Tarifa Hospital-Operación	12	change_hospitaloperationrate
47	Can delete Tarifa Hospital-Operación	12	delete_hospitaloperationrate
48	Can view Tarifa Hospital-Operación	12	view_hospitaloperationrate
49	Can add Favorito	13	add_favorite
50	Can change Favorito	13	change_favorite
51	Can delete Favorito	13	delete_favorite
52	Can view Favorito	13	view_favorite
53	Can add Historial de Cálculo	14	add_calculationhistory
54	Can change Historial de Cálculo	14	change_calculationhistory
55	Can delete Historial de Cálculo	14	delete_calculationhistory
56	Can view Historial de Cálculo	14	view_calculationhistory
57	Can add Caso Quirúrgico	15	add_surgicalcase
58	Can change Caso Quirúrgico	15	change_surgicalcase
59	Can delete Caso Quirúrgico	15	delete_surgicalcase
60	Can view Caso Quirúrgico	15	view_surgicalcase
61	Can add Procedimiento del Caso	16	add_caseprocedure
62	Can change Procedimiento del Caso	16	change_caseprocedure
63	Can delete Procedimiento del Caso	16	delete_caseprocedure
64	Can view Procedimiento del Caso	16	view_caseprocedure
65	Can add Hospital Favorito	17	add_favoritehospital
66	Can change Hospital Favorito	17	change_favoritehospital
67	Can delete Hospital Favorito	17	delete_favoritehospital
68	Can view Hospital Favorito	17	view_favoritehospital
\.


--
-- Data for Name: django_admin_log; Type: TABLE DATA; Schema: public; Owner: postgres
--

COPY public.django_admin_log (id, action_time, object_id, object_repr, action_flag, change_message, content_type_id, user_id) FROM stdin;
\.


--
-- Data for Name: django_content_type; Type: TABLE DATA; Schema: public; Owner: postgres
--

COPY public.django_content_type (id, app_label, model) FROM stdin;
1	admin	logentry
2	auth	permission
3	auth	group
4	contenttypes	contenttype
5	sessions	session
6	token_blacklist	blacklistedtoken
7	token_blacklist	outstandingtoken
8	medio_auth	customuser
9	medico	hospital
10	medico	specialty
11	medico	operation
12	medico	hospitaloperationrate
13	medico	favorite
14	medico	calculationhistory
15	medico	surgicalcase
16	medico	caseprocedure
17	medico	favoritehospital
\.


--
-- Data for Name: django_migrations; Type: TABLE DATA; Schema: public; Owner: postgres
--

COPY public.django_migrations (id, app, name, applied) FROM stdin;
1	contenttypes	0001_initial	2025-11-04 11:36:53.789253-06
2	contenttypes	0002_remove_content_type_name	2025-11-04 11:36:53.808269-06
3	auth	0001_initial	2025-11-04 11:36:53.901808-06
4	auth	0002_alter_permission_name_max_length	2025-11-04 11:36:53.916973-06
5	auth	0003_alter_user_email_max_length	2025-11-04 11:36:53.926973-06
6	auth	0004_alter_user_username_opts	2025-11-04 11:36:53.935973-06
7	auth	0005_alter_user_last_login_null	2025-11-04 11:36:53.945971-06
8	auth	0006_require_contenttypes_0002	2025-11-04 11:36:53.947972-06
9	auth	0007_alter_validators_add_error_messages	2025-11-04 11:36:53.957972-06
10	auth	0008_alter_user_username_max_length	2025-11-04 11:36:53.968968-06
11	auth	0009_alter_user_last_name_max_length	2025-11-04 11:36:53.978972-06
12	auth	0010_alter_group_name_max_length	2025-11-04 11:36:53.988969-06
13	auth	0011_update_proxy_permissions	2025-11-04 11:36:53.999985-06
14	auth	0012_alter_user_first_name_max_length	2025-11-04 11:36:54.010987-06
15	medio_auth	0001_initial	2025-11-04 11:36:54.119048-06
16	admin	0001_initial	2025-11-04 11:36:54.165057-06
17	admin	0002_logentry_remove_auto_add	2025-11-04 11:36:54.18105-06
18	admin	0003_logentry_add_action_flag_choices	2025-11-04 11:36:54.192045-06
19	sessions	0001_initial	2025-11-04 11:36:54.213061-06
20	token_blacklist	0001_initial	2025-11-04 11:36:54.272393-06
21	token_blacklist	0002_outstandingtoken_jti_hex	2025-11-04 11:36:54.285389-06
22	token_blacklist	0003_auto_20171017_2007	2025-11-04 11:36:54.305398-06
23	token_blacklist	0004_auto_20171017_2013	2025-11-04 11:36:54.329913-06
24	token_blacklist	0005_remove_outstandingtoken_jti	2025-11-04 11:36:54.34191-06
25	token_blacklist	0006_auto_20171017_2113	2025-11-04 11:36:54.358914-06
26	token_blacklist	0007_auto_20171017_2214	2025-11-04 11:36:54.411933-06
27	token_blacklist	0008_migrate_to_bigautofield	2025-11-04 11:36:54.503142-06
28	token_blacklist	0010_fix_migrate_to_bigautofield	2025-11-04 11:36:54.534667-06
29	token_blacklist	0011_linearizes_history	2025-11-04 11:36:54.539667-06
30	token_blacklist	0012_alter_outstandingtoken_user	2025-11-04 11:36:54.557668-06
31	token_blacklist	0013_alter_blacklistedtoken_options_and_more	2025-11-04 11:36:54.581671-06
34	medico	0001_initial	2025-11-05 22:14:47.61214-06
35	medico	0002_surgicalcase_caseprocedure_and_more	2025-11-06 21:49:29.645567-06
36	medico	0003_favoritehospital	2025-11-06 22:58:15.100844-06
37	medico	0004_alter_caseprocedure_calculated_value	2025-11-07 12:27:30.968255-06
\.


--
-- Data for Name: django_session; Type: TABLE DATA; Schema: public; Owner: postgres
--

COPY public.django_session (session_key, session_data, expire_date) FROM stdin;
\.


--
-- Data for Name: medico_calculationhistory; Type: TABLE DATA; Schema: public; Owner: postgres
--

COPY public.medico_calculationhistory (id, calculated_value, calculated_at, notes, user_id, hospital_id, operation_id) FROM stdin;
\.


--
-- Data for Name: medico_caseprocedure; Type: TABLE DATA; Schema: public; Owner: postgres
--

COPY public.medico_caseprocedure (id, surgery_code, surgery_name, specialty, grupo, rvu, hospital_factor, calculated_value, notes, "order", created_at, updated_at, case_id) FROM stdin;
19	33684	CLO VENT SEPTAL DEFECT W/PULM VALVOTOMY	Cardiovascular	Corazón	25.00	2.50	62.50	\N	1	2025-11-07 14:32:43.909642-06	2025-11-07 14:32:43.909642-06	10
20	33420	VALVOTOMY MITRAL VALV; CLO	Cardiovascular	Corazón	15.00	2.50	37.50	\N	2	2025-11-07 14:32:43.916645-06	2025-11-07 14:32:43.916645-06	10
21	33200	INSRT PERM PACEMAKER; BY THORACOTOMY	Cardiovascular	Corazón	8.00	2.50	20.00	\N	3	2025-11-07 14:32:43.917642-06	2025-11-07 14:32:43.917642-06	10
22	33425	VALVULOPLASTY-MITRAL W/CP BYPASS	Cardiovascular	Corazón	20.40	2.50	51.00	\N	1	2025-11-09 16:28:38.716011-06	2025-11-09 16:28:38.716011-06	11
23	35495	TRANSLUM PERIPH ATHERECT PERCUT; TIBIOPERONEAL	Cardiovascular	Vasos periféricos	7.40	2.50	18.50	\N	2	2025-11-09 16:28:38.722251-06	2025-11-09 16:28:38.722251-06	11
24	33216	INSRT/REPLAC/REPOSIT PERM TRANSVENOUS ELECTRODES	Cardiovascular	Corazón	6.00	2.50	15.00	\N	3	2025-11-09 16:28:38.723467-06	2025-11-09 16:28:38.723467-06	11
\.


--
-- Data for Name: medico_favorite; Type: TABLE DATA; Schema: public; Owner: postgres
--

COPY public.medico_favorite (id, surgery_code, surgery_name, specialty, created_at, user_id) FROM stdin;
50	33010	PERICARDIOCENTESIS; INIT	Cardiovascular	2025-11-07 14:22:36.123396-06	2
51	33020	PERICARDIOTOMY REMOV CLOT/F B	Cardiovascular	2025-11-07 14:22:38.855164-06	2
52	33030	PERICARDIECTOMY SUBTL/COMPLT; WO CP BYPASS	Cardiovascular	2025-11-07 14:22:40.951316-06	2
53	11400	EXC BEN LES TRUNK/ARMS/LEGS; 0.5 CM/LESS	Dermatología	2025-11-09 16:25:53.098962-06	2
\.


--
-- Data for Name: medico_favoritehospital; Type: TABLE DATA; Schema: public; Owner: postgres
--

COPY public.medico_favoritehospital (id, created_at, hospital_id, user_id) FROM stdin;
4	2025-11-07 14:22:19.15182-06	174	2
5	2025-11-07 14:22:29.533551-06	173	2
6	2025-11-07 14:33:24.333275-06	188	2
7	2025-11-09 16:26:09.812195-06	191	2
\.


--
-- Data for Name: medico_hospital; Type: TABLE DATA; Schema: public; Owner: postgres
--

COPY public.medico_hospital (id, name, location, rate_multiplier, created_at, updated_at) FROM stdin;
116	Hospital General San Juan de Dios	Guatemala	1.00	2025-11-06 23:46:24.171538-06	2025-11-06 23:46:24.171538-06
117	Hospital Roosevelt	Guatemala	1.00	2025-11-06 23:46:24.197554-06	2025-11-06 23:46:24.197554-06
118	Hospital Nacional de Especialidades de Villa Nueva	Guatemala	1.00	2025-11-06 23:46:24.201594-06	2025-11-06 23:46:24.201594-06
119	Hospital Nacional de Amatitlán	Guatemala	1.00	2025-11-06 23:46:24.208056-06	2025-11-06 23:46:24.208056-06
120	Hospital Nacional de Antigua Guatemala "Pedro de Bethancourt"	Guatemala	1.00	2025-11-06 23:46:24.212581-06	2025-11-06 23:46:24.212581-06
121	Hospital Nacional de Escuintla	Guatemala	1.00	2025-11-06 23:46:24.216025-06	2025-11-06 23:46:24.216025-06
122	Hospital Nacional de Cuilapa	Guatemala	1.00	2025-11-06 23:46:24.219799-06	2025-11-06 23:46:24.219799-06
123	Hospital Nacional de Jalapa	Guatemala	1.00	2025-11-06 23:46:24.223278-06	2025-11-06 23:46:24.223278-06
124	Hospital Nacional de Jutiapa	Guatemala	1.00	2025-11-06 23:46:24.227114-06	2025-11-06 23:46:24.227114-06
125	Hospital Nacional de Mazatenango	Guatemala	1.00	2025-11-06 23:46:24.229513-06	2025-11-06 23:46:24.229513-06
126	Hospital Nacional de Retalhuleu	Guatemala	1.00	2025-11-06 23:46:24.233158-06	2025-11-06 23:46:24.233158-06
127	Hospital Nacional de Quetzaltenango "Rodolfo Robles"	Guatemala	1.00	2025-11-06 23:46:24.237461-06	2025-11-06 23:46:24.237461-06
128	Hospital Regional de Occidente	Guatemala	1.00	2025-11-06 23:46:24.240456-06	2025-11-06 23:46:24.240456-06
129	Hospital Nacional de Huehuetenango	Guatemala	1.00	2025-11-06 23:46:24.243997-06	2025-11-06 23:46:24.243997-06
130	Hospital Nacional de Cobán "Hellen Lossi de Laugerud"	Guatemala	1.00	2025-11-06 23:46:24.248996-06	2025-11-06 23:46:24.248996-06
131	Hospital Nacional de Chiquimula	Guatemala	1.00	2025-11-06 23:46:24.253825-06	2025-11-06 23:46:24.253825-06
132	Hospital Nacional de Zacapa	Guatemala	1.00	2025-11-06 23:46:24.258231-06	2025-11-06 23:46:24.258231-06
133	Hospital Nacional de Puerto Barrios	Guatemala	1.00	2025-11-06 23:46:24.261364-06	2025-11-06 23:46:24.261364-06
134	Hospital Nacional de Santa Elena (Petén)	Guatemala	1.00	2025-11-06 23:46:24.266571-06	2025-11-06 23:46:24.266571-06
135	Hospital Nacional de Totonicapán	Guatemala	1.00	2025-11-06 23:46:24.270037-06	2025-11-06 23:46:24.270037-06
136	Hospital Nacional de San Marcos	Guatemala	1.00	2025-11-06 23:46:24.273973-06	2025-11-06 23:46:24.273973-06
137	Hospital Nacional de Sololá	Guatemala	1.00	2025-11-06 23:46:24.277776-06	2025-11-06 23:46:24.277776-06
138	Hospital Nacional de Chimaltenango	Guatemala	1.00	2025-11-06 23:46:24.281278-06	2025-11-06 23:46:24.281278-06
139	Hospital Nacional de Salamá	Guatemala	1.00	2025-11-06 23:46:24.28379-06	2025-11-06 23:46:24.28379-06
140	Hospital Nacional de Rabinal	Guatemala	1.00	2025-11-06 23:46:24.288884-06	2025-11-06 23:46:24.288884-06
141	Hospital Nacional de El Progreso	Guatemala	1.00	2025-11-06 23:46:24.292415-06	2025-11-06 23:46:24.292415-06
142	Hospital Nacional de Jalpatagua	Guatemala	1.00	2025-11-06 23:46:24.295953-06	2025-11-06 23:46:24.295953-06
143	Hospital Nacional de Tecpán	Guatemala	1.00	2025-11-06 23:46:24.299059-06	2025-11-06 23:46:24.299059-06
144	Hospital Nacional de Coatepeque	Guatemala	1.00	2025-11-06 23:46:24.303059-06	2025-11-06 23:46:24.303059-06
145	Hospital Nacional de Nebaj	Guatemala	1.00	2025-11-06 23:46:24.306989-06	2025-11-06 23:46:24.306989-06
146	Hospital Nacional de San Benito (Petén)	Guatemala	1.00	2025-11-06 23:46:24.310001-06	2025-11-06 23:46:24.310001-06
147	Hospital de Especialidades Pediátricas	Guatemala	1.00	2025-11-06 23:46:24.314224-06	2025-11-06 23:46:24.314224-06
148	Hospital Nacional de Maternidad	Guatemala	1.00	2025-11-06 23:46:24.318072-06	2025-11-06 23:46:24.318072-06
149	Hospital Regional de Cobán	Guatemala	1.00	2025-11-06 23:46:24.322861-06	2025-11-06 23:46:24.322861-06
150	Hospital Regional de Oriente (Zacapa)	Guatemala	1.00	2025-11-06 23:46:24.326553-06	2025-11-06 23:46:24.326553-06
151	Hospital Regional de Occidente (Quetzaltenango)	Guatemala	1.00	2025-11-06 23:46:24.329958-06	2025-11-06 23:46:24.329958-06
152	Hospital Militar Central	Guatemala	1.00	2025-11-06 23:46:24.333287-06	2025-11-06 23:46:24.333287-06
153	Hospital de Salud Mental Federico Mora	Guatemala	1.00	2025-11-06 23:46:24.337284-06	2025-11-06 23:46:24.337284-06
154	Hospital Nacional de Rehabilitación	Guatemala	1.00	2025-11-06 23:46:24.341058-06	2025-11-06 23:46:24.341058-06
155	Hospital Infantil de Infectología y Rehabilitación	Guatemala	1.00	2025-11-06 23:46:24.344743-06	2025-11-06 23:46:24.344743-06
156	Hospital General de Enfermedades del IGSS	Guatemala	1.20	2025-11-06 23:46:24.347738-06	2025-11-06 23:46:24.347738-06
157	Hospital General Dr. Juan José Arévalo Bermejo (IGSS zona 6)	Guatemala	1.20	2025-11-06 23:46:24.353452-06	2025-11-06 23:46:24.353452-06
158	Hospital Materno Infantil del IGSS	Guatemala	1.20	2025-11-06 23:46:24.35645-06	2025-11-06 23:46:24.35645-06
159	Hospital Dr. Carlos Archer Monroy (IGSS zona 5)	Guatemala	1.20	2025-11-06 23:46:24.35998-06	2025-11-06 23:46:24.35998-06
160	Hospital de Rehabilitación del IGSS	Guatemala	1.20	2025-11-06 23:46:24.361993-06	2025-11-06 23:46:24.361993-06
161	Hospital de Gineco-Obstetricia del IGSS	Guatemala	1.20	2025-11-06 23:46:24.364993-06	2025-11-06 23:46:24.364993-06
162	Hospital de Mazatenango IGSS	Guatemala	1.20	2025-11-06 23:46:24.367992-06	2025-11-06 23:46:24.367992-06
163	Hospital de Quetzaltenango IGSS	Guatemala	1.20	2025-11-06 23:46:24.370987-06	2025-11-06 23:46:24.370987-06
164	Hospital de Escuintla IGSS	Guatemala	1.20	2025-11-06 23:46:24.373761-06	2025-11-06 23:46:24.373761-06
165	Hospital de Cobán IGSS	Guatemala	1.20	2025-11-06 23:46:24.377286-06	2025-11-06 23:46:24.377286-06
166	Hospital de Puerto Barrios IGSS	Guatemala	1.20	2025-11-06 23:46:24.379786-06	2025-11-06 23:46:24.379786-06
167	Hospital de Zacapa IGSS	Guatemala	1.20	2025-11-06 23:46:24.383681-06	2025-11-06 23:46:24.383681-06
168	Hospital de Huehuetenango IGSS	Guatemala	1.20	2025-11-06 23:46:24.387091-06	2025-11-06 23:46:24.387091-06
169	Hospital de San Benito IGSS	Guatemala	1.20	2025-11-06 23:46:24.390602-06	2025-11-06 23:46:24.390602-06
170	Hospital Herrera Llerandi	Guatemala	2.50	2025-11-06 23:46:24.393192-06	2025-11-06 23:46:24.393192-06
171	Hospital El Pilar	Guatemala	2.50	2025-11-06 23:46:24.396584-06	2025-11-06 23:46:24.396584-06
172	Hospital La Paz	Guatemala	1.80	2025-11-06 23:46:24.400304-06	2025-11-06 23:46:24.400304-06
173	Hospital Centro Médico	Guatemala	2.50	2025-11-06 23:46:24.404859-06	2025-11-06 23:46:24.404859-06
174	Hospital Universitario Esperanza	Guatemala	2.50	2025-11-06 23:46:24.407908-06	2025-11-06 23:46:24.407908-06
175	Hospital Santa Bárbara	Guatemala	1.80	2025-11-06 23:46:24.41095-06	2025-11-06 23:46:24.41095-06
176	Hospital Maranatha	Guatemala	1.80	2025-11-06 23:46:24.414098-06	2025-11-06 23:46:24.414098-06
177	Hospital Betania	Guatemala	1.80	2025-11-06 23:46:24.417658-06	2025-11-06 23:46:24.417658-06
178	Hospital Ángeles	Guatemala	2.50	2025-11-06 23:46:24.421409-06	2025-11-06 23:46:24.421409-06
179	Hospital Montserrat	Guatemala	1.80	2025-11-06 23:46:24.424739-06	2025-11-06 23:46:24.424739-06
180	Hospital Jerusalén	Guatemala	1.80	2025-11-06 23:46:24.427184-06	2025-11-06 23:46:24.427184-06
181	Hospital Privado Sanatorio Nuestra Señora del Pilar	Guatemala	1.80	2025-11-06 23:46:24.430491-06	2025-11-06 23:46:24.430491-06
182	Hospital Los Pinares	Guatemala	1.80	2025-11-06 23:46:24.433004-06	2025-11-06 23:46:24.433004-06
183	Hospital Metropolitano	Guatemala	1.80	2025-11-06 23:46:24.436844-06	2025-11-06 23:46:24.436844-06
184	Hospital María	Guatemala	1.80	2025-11-06 23:46:24.439997-06	2025-11-06 23:46:24.439997-06
185	Hospital Hermano Pedro	Guatemala	1.80	2025-11-06 23:46:24.443108-06	2025-11-06 23:46:24.443108-06
186	Hospital CEMESA	Guatemala	1.80	2025-11-06 23:46:24.445713-06	2025-11-06 23:46:24.445713-06
187	Hospital Guatemala	Guatemala	1.80	2025-11-06 23:46:24.44989-06	2025-11-06 23:46:24.44989-06
188	Hospital Ciudad Vieja	Guatemala	1.80	2025-11-06 23:46:24.452882-06	2025-11-06 23:46:24.452882-06
189	Hospital Infantil Privado	Guatemala	1.80	2025-11-06 23:46:24.456887-06	2025-11-06 23:46:24.456887-06
190	Hospital Colonia Médica	Guatemala	1.80	2025-11-06 23:46:24.459419-06	2025-11-06 23:46:24.459419-06
191	Hospital Del Valle	Guatemala	1.80	2025-11-06 23:46:24.463086-06	2025-11-06 23:46:24.463086-06
192	Hospital San Nicolás	Guatemala	1.80	2025-11-06 23:46:24.465679-06	2025-11-06 23:46:24.465679-06
193	Hospital Nuestra Señora de Fátima	Guatemala	1.80	2025-11-06 23:46:24.47006-06	2025-11-06 23:46:24.47006-06
194	Hospital Vida	Guatemala	1.80	2025-11-06 23:46:24.475886-06	2025-11-06 23:46:24.475886-06
195	Hospital Madre Bernarda	Guatemala	1.80	2025-11-06 23:46:24.479685-06	2025-11-06 23:46:24.479685-06
196	Hospital Salud Integral	Guatemala	1.80	2025-11-06 23:46:24.482083-06	2025-11-06 23:46:24.482083-06
197	Hospital Los Altos (Quetzaltenango)	Guatemala	1.80	2025-11-06 23:46:24.486517-06	2025-11-06 23:46:24.486517-06
198	Hospital Privado Quetzaltenango	Guatemala	1.80	2025-11-06 23:46:24.490545-06	2025-11-06 23:46:24.490545-06
199	Hospital Montserrat Quetzaltenango	Guatemala	1.80	2025-11-06 23:46:24.494072-06	2025-11-06 23:46:24.494072-06
200	Hospital El Buen Samaritano (Quetzaltenango)	Guatemala	1.80	2025-11-06 23:46:24.497183-06	2025-11-06 23:46:24.497183-06
201	Hospital Privado de Occidente	Guatemala	1.80	2025-11-06 23:46:24.501083-06	2025-11-06 23:46:24.501083-06
202	Hospital Privado Cobán	Guatemala	1.80	2025-11-06 23:46:24.504425-06	2025-11-06 23:46:24.504425-06
203	Hospital de la Divina Providencia	Guatemala	1.80	2025-11-06 23:46:24.507845-06	2025-11-06 23:46:24.507845-06
204	Hospital San Juan Bautista (Cobán)	Guatemala	1.80	2025-11-06 23:46:24.511339-06	2025-11-06 23:46:24.511339-06
205	Hospital Privado Zacapa	Guatemala	1.80	2025-11-06 23:46:24.514523-06	2025-11-06 23:46:24.514523-06
206	Hospital Bethel (Chiquimula)	Guatemala	1.80	2025-11-06 23:46:24.517696-06	2025-11-06 23:46:24.517696-06
207	Hospital Monte Sinaí (Jalapa)	Guatemala	1.80	2025-11-06 23:46:24.523-06	2025-11-06 23:46:24.523-06
208	Hospital de Oriente	Guatemala	1.80	2025-11-06 23:46:24.526276-06	2025-11-06 23:46:24.526276-06
209	Hospital San Marcos Privado	Guatemala	1.80	2025-11-06 23:46:24.529187-06	2025-11-06 23:46:24.529187-06
210	Hospital La Misericordia (Totonicapán)	Guatemala	1.80	2025-11-06 23:46:24.53229-06	2025-11-06 23:46:24.53229-06
211	Hospital Shaddai (Huehuetenango)	Guatemala	1.80	2025-11-06 23:46:24.535903-06	2025-11-06 23:46:24.535903-06
212	Hospital Central (Escuintla)	Guatemala	1.80	2025-11-06 23:46:24.539911-06	2025-11-06 23:46:24.539911-06
213	Hospital El Shaddai (Puerto Barrios)	Guatemala	1.80	2025-11-06 23:46:24.543607-06	2025-11-06 23:46:24.543607-06
214	Hospital Privado Petén	Guatemala	1.80	2025-11-06 23:46:24.546052-06	2025-11-06 23:46:24.546052-06
215	Hospital Vida y Esperanza (Petén)	Guatemala	1.80	2025-11-06 23:46:24.549174-06	2025-11-06 23:46:24.549174-06
216	Hospital La Esperanza (Cuilapa)	Guatemala	1.80	2025-11-06 23:46:24.552721-06	2025-11-06 23:46:24.552721-06
217	Hospital de la Paz (Chimaltenango)	Guatemala	1.80	2025-11-06 23:46:24.557371-06	2025-11-06 23:46:24.557371-06
218	Hospital San Lucas	Guatemala	1.80	2025-11-06 23:46:24.56037-06	2025-11-06 23:46:24.56037-06
219	Hospital Sanatorio La Asunción	Guatemala	1.80	2025-11-06 23:46:24.563905-06	2025-11-06 23:46:24.563905-06
220	Hospital La Fe	Guatemala	1.80	2025-11-06 23:46:24.566905-06	2025-11-06 23:46:24.566905-06
221	Hospital Privado Las Américas	Guatemala	1.80	2025-11-06 23:46:24.56991-06	2025-11-06 23:46:24.56991-06
222	Hospital Villa Nueva Privado	Guatemala	1.80	2025-11-06 23:46:24.574622-06	2025-11-06 23:46:24.574622-06
223	Hospital Santa Teresa	Guatemala	1.80	2025-11-06 23:46:24.577005-06	2025-11-06 23:46:24.577005-06
224	Hospital Privado Vida Nueva	Guatemala	1.80	2025-11-06 23:46:24.580722-06	2025-11-06 23:46:24.580722-06
225	Hospital Monte Carmelo	Guatemala	1.80	2025-11-06 23:46:24.583697-06	2025-11-06 23:46:24.584707-06
\.


--
-- Data for Name: medico_hospitaloperationrate; Type: TABLE DATA; Schema: public; Owner: postgres
--

COPY public.medico_hospitaloperationrate (id, point_value, currency_per_point, last_updated, hospital_id, operation_id) FROM stdin;
\.


--
-- Data for Name: medico_operation; Type: TABLE DATA; Schema: public; Owner: postgres
--

COPY public.medico_operation (id, name, code, base_points, description, complexity, created_at, updated_at, specialty_id) FROM stdin;
\.


--
-- Data for Name: medico_specialty; Type: TABLE DATA; Schema: public; Owner: postgres
--

COPY public.medico_specialty (id, name, description, created_at, updated_at) FROM stdin;
\.


--
-- Data for Name: medico_surgicalcase; Type: TABLE DATA; Schema: public; Owner: postgres
--

COPY public.medico_surgicalcase (id, patient_name, patient_id, patient_age, patient_gender, surgery_date, surgery_time, status, notes, diagnosis, created_at, updated_at, created_by_id, hospital_id) FROM stdin;
10	Christian	02	21	M	2025-11-07	15:00:00	scheduled	\N	Como jode	2025-11-07 14:32:43.875642-06	2025-11-07 14:32:43.875642-06	2	173
11	Jose Ignacio Paccagnella	03	20	M	2025-11-09	17:00:00	scheduled	\N	Migraña por base de datos	2025-11-09 16:28:38.702477-06	2025-11-09 16:28:38.702477-06	2	173
\.


--
-- Data for Name: medio_auth_customuser; Type: TABLE DATA; Schema: public; Owner: postgres
--

COPY public.medio_auth_customuser (id, password, last_login, is_superuser, username, first_name, last_name, is_staff, is_active, date_joined, phone, specialty, license_number, hospital_default, avatar, signature_image, is_verified, email_verification_token, theme_preference, created_at, updated_at, email) FROM stdin;
1	pbkdf2_sha256$720000$tNEs0Z5YU77l5JYK2QRi12$ZW9C5h2oRCEH09AQ00J+x4Qq/xo6YylAkh/uhY5Vh20=	\N	t	enterprise			t	t	2025-11-04 11:37:28.647358-06	\N	\N	\N	\N			f	\N	system	2025-11-04 11:37:29.292239-06	2025-11-04 11:37:29.292239-06	jricicaj@gmail.com
2	pbkdf2_sha256$720000$FEOqwItzGJinxJuAVZhUhj$PSLcEaPBiceYgSaAjY0Lt1DXZwuGMcp8De/ZIzdYK2Q=	\N	f	hp	Jan	Ricica	f	t	2025-11-04 21:50:04.836063-06	\N	\N	\N	\N			f	\N	system	2025-11-04 21:50:05.656314-06	2025-11-04 21:50:05.656314-06	admin@school.com
\.


--
-- Data for Name: medio_auth_customuser_groups; Type: TABLE DATA; Schema: public; Owner: postgres
--

COPY public.medio_auth_customuser_groups (id, customuser_id, group_id) FROM stdin;
\.


--
-- Data for Name: medio_auth_customuser_user_permissions; Type: TABLE DATA; Schema: public; Owner: postgres
--

COPY public.medio_auth_customuser_user_permissions (id, customuser_id, permission_id) FROM stdin;
\.


--
-- Data for Name: token_blacklist_blacklistedtoken; Type: TABLE DATA; Schema: public; Owner: postgres
--

COPY public.token_blacklist_blacklistedtoken (id, blacklisted_at, token_id) FROM stdin;
1	2025-11-04 22:40:10.461705-06	1
2	2025-11-05 22:29:03.246704-06	3
3	2025-11-05 22:45:12.305697-06	4
4	2025-11-07 12:28:54.138285-06	6
5	2025-11-07 14:01:49.546762-06	9
\.


--
-- Data for Name: token_blacklist_outstandingtoken; Type: TABLE DATA; Schema: public; Owner: postgres
--

COPY public.token_blacklist_outstandingtoken (id, token, created_at, expires_at, user_id, jti) FROM stdin;
1	eyJhbGciOiJIUzI1NiIsInR5cCI6IkpXVCJ9.eyJ0b2tlbl90eXBlIjoicmVmcmVzaCIsImV4cCI6MTc2MjkxOTQwNSwiaWF0IjoxNzYyMzE0NjA1LCJqdGkiOiI2MzRlZmQ2YzdiZTM0NTQzODU2M2NjZTllZGMzODE2NSIsInVzZXJfaWQiOiIyIn0.mJCe73_yFgWzMc1TnaHCOj4sXv4TC1EBb_t6kBpn080	2025-11-04 21:50:05.68056-06	2025-11-11 21:50:05-06	2	634efd6c7be345438563cce9edc38165
2	eyJhbGciOiJIUzI1NiIsInR5cCI6IkpXVCJ9.eyJ0b2tlbl90eXBlIjoicmVmcmVzaCIsImV4cCI6MTc2MjkyMjQxOCwiaWF0IjoxNzYyMzE3NjE4LCJqdGkiOiI2Mzk3YWM5YjA0YWQ0NTE3OGE1YjRmYmY2MzkyOWI2NyIsInVzZXJfaWQiOiIyIn0.6R4QMi93_n-wBqGiwqFsp2AOFHMZ3KgGVcn_hmCfmRE	2025-11-04 22:40:18.464211-06	2025-11-11 22:40:18-06	2	6397ac9b04ad45178a5b4fbf63929b67
3	eyJhbGciOiJIUzI1NiIsInR5cCI6IkpXVCJ9.eyJ0b2tlbl90eXBlIjoicmVmcmVzaCIsImV4cCI6MTc2MzAwNDg2NSwiaWF0IjoxNzYyNDAwMDY1LCJqdGkiOiI2MGIwZTZiYWYwZGQ0MzUzYTk5MTJlOTVlY2NkZjExZCIsInVzZXJfaWQiOiIyIn0.o3NDlzQWR1nSBceLt3UV7gxVf4RbqPSN_LudACmgfY8	2025-11-05 21:34:25.118689-06	2025-11-12 21:34:25-06	2	60b0e6baf0dd4353a9912e95eccdf11d
4	eyJhbGciOiJIUzI1NiIsInR5cCI6IkpXVCJ9.eyJ0b2tlbl90eXBlIjoicmVmcmVzaCIsImV4cCI6MTc2MzAwODE1NCwiaWF0IjoxNzYyNDAzMzU0LCJqdGkiOiI5YTJkNDZhMzEwOTM0YjYwOWE1Zjg0NmQwZGZjMWYzOSIsInVzZXJfaWQiOiIyIn0.ceTHITjThYq98Ik4C9CU14k0mNszz8r_291lUUSvGmE	2025-11-05 22:29:14.89542-06	2025-11-12 22:29:14-06	2	9a2d46a310934b609a5f846d0dfc1f39
5	eyJhbGciOiJIUzI1NiIsInR5cCI6IkpXVCJ9.eyJ0b2tlbl90eXBlIjoicmVmcmVzaCIsImV4cCI6MTc2MzAwOTEyNiwiaWF0IjoxNzYyNDA0MzI2LCJqdGkiOiI0NDFmYTdmN2I1ZTI0OWU3YmZkMTJkZDZkOTZhZDc2ZiIsInVzZXJfaWQiOiIyIn0.PhT5TACVF0uG6rvUPvCjJHNLEQrR4oyPCLq34EkD7_s	2025-11-05 22:45:26.982425-06	2025-11-12 22:45:26-06	2	441fa7f7b5e249e7bfd12dd6d96ad76f
6	eyJhbGciOiJIUzI1NiIsInR5cCI6IkpXVCJ9.eyJ0b2tlbl90eXBlIjoicmVmcmVzaCIsImV4cCI6MTc2MzA4ODYxMiwiaWF0IjoxNzYyNDgzODEyLCJqdGkiOiJiZDJlOWM2MDEzYWM0NzgxOTdmMjdiMjFiZWMzZGQzZSIsInVzZXJfaWQiOiIyIn0.5vrHdMpztUh6sWX9xScRnCFr72IaU7uGJq3eIi_O4MM	2025-11-06 20:50:12.864406-06	2025-11-13 20:50:12-06	2	bd2e9c6013ac478197f27b21bec3dd3e
7	eyJhbGciOiJIUzI1NiIsInR5cCI6IkpXVCJ9.eyJ0b2tlbl90eXBlIjoicmVmcmVzaCIsImV4cCI6MTc2MzE0NDk0NSwiaWF0IjoxNzYyNTQwMTQ1LCJqdGkiOiI4ZGVkZWQ1ZTA1NGI0MDIzOTFhNjVjNWZjNDA5NWZhYiIsInVzZXJfaWQiOiIyIn0.SPkd84zXTtavXO31vi2RXFHrWJt3XGq11Tb9ZskV9iM	2025-11-07 12:29:05.807545-06	2025-11-14 12:29:05-06	2	8deded5e054b402391a65c5fc4095fab
8	eyJhbGciOiJIUzI1NiIsInR5cCI6IkpXVCJ9.eyJ0b2tlbl90eXBlIjoicmVmcmVzaCIsImV4cCI6MTc2MzE0NjUxOCwiaWF0IjoxNzYyNTQxNzE4LCJqdGkiOiJjMTRiZjExYWZmODk0Mzc1OWYyMDdhMGU1M2VhZjIyZiIsInVzZXJfaWQiOiIyIn0.lSse5-isMAU9UmgLgZb4CIUy6ngJXbia_6FUKeshvUI	2025-11-07 12:55:18.755932-06	2025-11-14 12:55:18-06	2	c14bf11aff8943759f207a0e53eaf22f
9	eyJhbGciOiJIUzI1NiIsInR5cCI6IkpXVCJ9.eyJ0b2tlbl90eXBlIjoicmVmcmVzaCIsImV4cCI6MTc2MzE1MDQ5OSwiaWF0IjoxNzYyNTQ1Njk5LCJqdGkiOiJiNGNiNTI1MDFjYTc0NTMyOWEzYzVjYWVhN2NhZTFlNSIsInVzZXJfaWQiOiIyIn0.1AwKQbOQ0eatfovKgQW_WkkEYnwGirIMQoMBcVeXkRw	2025-11-07 14:01:39.720011-06	2025-11-14 14:01:39-06	2	b4cb52501ca745329a3c5caea7cae1e5
10	eyJhbGciOiJIUzI1NiIsInR5cCI6IkpXVCJ9.eyJ0b2tlbl90eXBlIjoicmVmcmVzaCIsImV4cCI6MTc2MzE1MTY4NywiaWF0IjoxNzYyNTQ2ODg3LCJqdGkiOiIyYjk4MDViZThkYjE0MjE2ODk0NGVkZmZmN2FiNjQyMyIsInVzZXJfaWQiOiIyIn0.75ZhZiL0sXJ7k-GCXijbxqJRNQ4Sg5dNyM9BpW61wxU	2025-11-07 14:21:27.057805-06	2025-11-14 14:21:27-06	2	2b9805be8db142168944edfff7ab6423
11	eyJhbGciOiJIUzI1NiIsInR5cCI6IkpXVCJ9.eyJ0b2tlbl90eXBlIjoicmVmcmVzaCIsImV4cCI6MTc2MzMyOTQ5OSwiaWF0IjoxNzYyNzI0Njk5LCJqdGkiOiI1ZWQ5OTg2NTQyOGM0YTBjOWU1ZjExYTNiZGI2ZDc0NSIsInVzZXJfaWQiOiIyIn0.Txw_sRmbWRM9hdQVqDe2LqROymwUoMbhRA79lztxoRw	2025-11-09 15:44:59.189936-06	2025-11-16 15:44:59-06	2	5ed99865428c4a0c9e5f11a3bdb6d745
\.


--
-- Name: auth_group_id_seq; Type: SEQUENCE SET; Schema: public; Owner: postgres
--

SELECT pg_catalog.setval('public.auth_group_id_seq', 1, false);


--
-- Name: auth_group_permissions_id_seq; Type: SEQUENCE SET; Schema: public; Owner: postgres
--

SELECT pg_catalog.setval('public.auth_group_permissions_id_seq', 1, false);


--
-- Name: auth_permission_id_seq; Type: SEQUENCE SET; Schema: public; Owner: postgres
--

SELECT pg_catalog.setval('public.auth_permission_id_seq', 68, true);


--
-- Name: django_admin_log_id_seq; Type: SEQUENCE SET; Schema: public; Owner: postgres
--

SELECT pg_catalog.setval('public.django_admin_log_id_seq', 1, false);


--
-- Name: django_content_type_id_seq; Type: SEQUENCE SET; Schema: public; Owner: postgres
--

SELECT pg_catalog.setval('public.django_content_type_id_seq', 17, true);


--
-- Name: django_migrations_id_seq; Type: SEQUENCE SET; Schema: public; Owner: postgres
--

SELECT pg_catalog.setval('public.django_migrations_id_seq', 37, true);


--
-- Name: medico_calculationhistory_id_seq; Type: SEQUENCE SET; Schema: public; Owner: postgres
--

SELECT pg_catalog.setval('public.medico_calculationhistory_id_seq', 1, false);


--
-- Name: medico_caseprocedure_id_seq; Type: SEQUENCE SET; Schema: public; Owner: postgres
--

SELECT pg_catalog.setval('public.medico_caseprocedure_id_seq', 24, true);


--
-- Name: medico_favorite_id_seq; Type: SEQUENCE SET; Schema: public; Owner: postgres
--

SELECT pg_catalog.setval('public.medico_favorite_id_seq', 53, true);


--
-- Name: medico_favoritehospital_id_seq; Type: SEQUENCE SET; Schema: public; Owner: postgres
--

SELECT pg_catalog.setval('public.medico_favoritehospital_id_seq', 7, true);


--
-- Name: medico_hospital_id_seq; Type: SEQUENCE SET; Schema: public; Owner: postgres
--

SELECT pg_catalog.setval('public.medico_hospital_id_seq', 225, true);


--
-- Name: medico_hospitaloperationrate_id_seq; Type: SEQUENCE SET; Schema: public; Owner: postgres
--

SELECT pg_catalog.setval('public.medico_hospitaloperationrate_id_seq', 1, false);


--
-- Name: medico_operation_id_seq; Type: SEQUENCE SET; Schema: public; Owner: postgres
--

SELECT pg_catalog.setval('public.medico_operation_id_seq', 1, false);


--
-- Name: medico_specialty_id_seq; Type: SEQUENCE SET; Schema: public; Owner: postgres
--

SELECT pg_catalog.setval('public.medico_specialty_id_seq', 1, false);


--
-- Name: medico_surgicalcase_id_seq; Type: SEQUENCE SET; Schema: public; Owner: postgres
--

SELECT pg_catalog.setval('public.medico_surgicalcase_id_seq', 11, true);


--
-- Name: medio_auth_customuser_groups_id_seq; Type: SEQUENCE SET; Schema: public; Owner: postgres
--

SELECT pg_catalog.setval('public.medio_auth_customuser_groups_id_seq', 1, false);


--
-- Name: medio_auth_customuser_id_seq; Type: SEQUENCE SET; Schema: public; Owner: postgres
--

SELECT pg_catalog.setval('public.medio_auth_customuser_id_seq', 2, true);


--
-- Name: medio_auth_customuser_user_permissions_id_seq; Type: SEQUENCE SET; Schema: public; Owner: postgres
--

SELECT pg_catalog.setval('public.medio_auth_customuser_user_permissions_id_seq', 1, false);


--
-- Name: token_blacklist_blacklistedtoken_id_seq; Type: SEQUENCE SET; Schema: public; Owner: postgres
--

SELECT pg_catalog.setval('public.token_blacklist_blacklistedtoken_id_seq', 5, true);


--
-- Name: token_blacklist_outstandingtoken_id_seq; Type: SEQUENCE SET; Schema: public; Owner: postgres
--

SELECT pg_catalog.setval('public.token_blacklist_outstandingtoken_id_seq', 11, true);


--
-- Name: auth_group auth_group_name_key; Type: CONSTRAINT; Schema: public; Owner: postgres
--

ALTER TABLE ONLY public.auth_group
    ADD CONSTRAINT auth_group_name_key UNIQUE (name);


--
-- Name: auth_group_permissions auth_group_permissions_group_id_permission_id_0cd325b0_uniq; Type: CONSTRAINT; Schema: public; Owner: postgres
--

ALTER TABLE ONLY public.auth_group_permissions
    ADD CONSTRAINT auth_group_permissions_group_id_permission_id_0cd325b0_uniq UNIQUE (group_id, permission_id);


--
-- Name: auth_group_permissions auth_group_permissions_pkey; Type: CONSTRAINT; Schema: public; Owner: postgres
--

ALTER TABLE ONLY public.auth_group_permissions
    ADD CONSTRAINT auth_group_permissions_pkey PRIMARY KEY (id);


--
-- Name: auth_group auth_group_pkey; Type: CONSTRAINT; Schema: public; Owner: postgres
--

ALTER TABLE ONLY public.auth_group
    ADD CONSTRAINT auth_group_pkey PRIMARY KEY (id);


--
-- Name: auth_permission auth_permission_content_type_id_codename_01ab375a_uniq; Type: CONSTRAINT; Schema: public; Owner: postgres
--

ALTER TABLE ONLY public.auth_permission
    ADD CONSTRAINT auth_permission_content_type_id_codename_01ab375a_uniq UNIQUE (content_type_id, codename);


--
-- Name: auth_permission auth_permission_pkey; Type: CONSTRAINT; Schema: public; Owner: postgres
--

ALTER TABLE ONLY public.auth_permission
    ADD CONSTRAINT auth_permission_pkey PRIMARY KEY (id);


--
-- Name: django_admin_log django_admin_log_pkey; Type: CONSTRAINT; Schema: public; Owner: postgres
--

ALTER TABLE ONLY public.django_admin_log
    ADD CONSTRAINT django_admin_log_pkey PRIMARY KEY (id);


--
-- Name: django_content_type django_content_type_app_label_model_76bd3d3b_uniq; Type: CONSTRAINT; Schema: public; Owner: postgres
--

ALTER TABLE ONLY public.django_content_type
    ADD CONSTRAINT django_content_type_app_label_model_76bd3d3b_uniq UNIQUE (app_label, model);


--
-- Name: django_content_type django_content_type_pkey; Type: CONSTRAINT; Schema: public; Owner: postgres
--

ALTER TABLE ONLY public.django_content_type
    ADD CONSTRAINT django_content_type_pkey PRIMARY KEY (id);


--
-- Name: django_migrations django_migrations_pkey; Type: CONSTRAINT; Schema: public; Owner: postgres
--

ALTER TABLE ONLY public.django_migrations
    ADD CONSTRAINT django_migrations_pkey PRIMARY KEY (id);


--
-- Name: django_session django_session_pkey; Type: CONSTRAINT; Schema: public; Owner: postgres
--

ALTER TABLE ONLY public.django_session
    ADD CONSTRAINT django_session_pkey PRIMARY KEY (session_key);


--
-- Name: medico_calculationhistory medico_calculationhistory_pkey; Type: CONSTRAINT; Schema: public; Owner: postgres
--

ALTER TABLE ONLY public.medico_calculationhistory
    ADD CONSTRAINT medico_calculationhistory_pkey PRIMARY KEY (id);


--
-- Name: medico_caseprocedure medico_caseprocedure_pkey; Type: CONSTRAINT; Schema: public; Owner: postgres
--

ALTER TABLE ONLY public.medico_caseprocedure
    ADD CONSTRAINT medico_caseprocedure_pkey PRIMARY KEY (id);


--
-- Name: medico_favorite medico_favorite_pkey; Type: CONSTRAINT; Schema: public; Owner: postgres
--

ALTER TABLE ONLY public.medico_favorite
    ADD CONSTRAINT medico_favorite_pkey PRIMARY KEY (id);


--
-- Name: medico_favorite medico_favorite_user_id_surgery_code_9c211635_uniq; Type: CONSTRAINT; Schema: public; Owner: postgres
--

ALTER TABLE ONLY public.medico_favorite
    ADD CONSTRAINT medico_favorite_user_id_surgery_code_9c211635_uniq UNIQUE (user_id, surgery_code);


--
-- Name: medico_favoritehospital medico_favoritehospital_pkey; Type: CONSTRAINT; Schema: public; Owner: postgres
--

ALTER TABLE ONLY public.medico_favoritehospital
    ADD CONSTRAINT medico_favoritehospital_pkey PRIMARY KEY (id);


--
-- Name: medico_favoritehospital medico_favoritehospital_user_id_hospital_id_8b64d883_uniq; Type: CONSTRAINT; Schema: public; Owner: postgres
--

ALTER TABLE ONLY public.medico_favoritehospital
    ADD CONSTRAINT medico_favoritehospital_user_id_hospital_id_8b64d883_uniq UNIQUE (user_id, hospital_id);


--
-- Name: medico_hospital medico_hospital_name_key; Type: CONSTRAINT; Schema: public; Owner: postgres
--

ALTER TABLE ONLY public.medico_hospital
    ADD CONSTRAINT medico_hospital_name_key UNIQUE (name);


--
-- Name: medico_hospital medico_hospital_pkey; Type: CONSTRAINT; Schema: public; Owner: postgres
--

ALTER TABLE ONLY public.medico_hospital
    ADD CONSTRAINT medico_hospital_pkey PRIMARY KEY (id);


--
-- Name: medico_hospitaloperationrate medico_hospitaloperation_hospital_id_operation_id_3ab85b55_uniq; Type: CONSTRAINT; Schema: public; Owner: postgres
--

ALTER TABLE ONLY public.medico_hospitaloperationrate
    ADD CONSTRAINT medico_hospitaloperation_hospital_id_operation_id_3ab85b55_uniq UNIQUE (hospital_id, operation_id);


--
-- Name: medico_hospitaloperationrate medico_hospitaloperationrate_pkey; Type: CONSTRAINT; Schema: public; Owner: postgres
--

ALTER TABLE ONLY public.medico_hospitaloperationrate
    ADD CONSTRAINT medico_hospitaloperationrate_pkey PRIMARY KEY (id);


--
-- Name: medico_operation medico_operation_pkey; Type: CONSTRAINT; Schema: public; Owner: postgres
--

ALTER TABLE ONLY public.medico_operation
    ADD CONSTRAINT medico_operation_pkey PRIMARY KEY (id);


--
-- Name: medico_specialty medico_specialty_name_key; Type: CONSTRAINT; Schema: public; Owner: postgres
--

ALTER TABLE ONLY public.medico_specialty
    ADD CONSTRAINT medico_specialty_name_key UNIQUE (name);


--
-- Name: medico_specialty medico_specialty_pkey; Type: CONSTRAINT; Schema: public; Owner: postgres
--

ALTER TABLE ONLY public.medico_specialty
    ADD CONSTRAINT medico_specialty_pkey PRIMARY KEY (id);


--
-- Name: medico_surgicalcase medico_surgicalcase_pkey; Type: CONSTRAINT; Schema: public; Owner: postgres
--

ALTER TABLE ONLY public.medico_surgicalcase
    ADD CONSTRAINT medico_surgicalcase_pkey PRIMARY KEY (id);


--
-- Name: medio_auth_customuser medio_auth_customuser_email_key; Type: CONSTRAINT; Schema: public; Owner: postgres
--

ALTER TABLE ONLY public.medio_auth_customuser
    ADD CONSTRAINT medio_auth_customuser_email_key UNIQUE (email);


--
-- Name: medio_auth_customuser_groups medio_auth_customuser_gr_customuser_id_group_id_9afa509b_uniq; Type: CONSTRAINT; Schema: public; Owner: postgres
--

ALTER TABLE ONLY public.medio_auth_customuser_groups
    ADD CONSTRAINT medio_auth_customuser_gr_customuser_id_group_id_9afa509b_uniq UNIQUE (customuser_id, group_id);


--
-- Name: medio_auth_customuser_groups medio_auth_customuser_groups_pkey; Type: CONSTRAINT; Schema: public; Owner: postgres
--

ALTER TABLE ONLY public.medio_auth_customuser_groups
    ADD CONSTRAINT medio_auth_customuser_groups_pkey PRIMARY KEY (id);


--
-- Name: medio_auth_customuser medio_auth_customuser_license_number_key; Type: CONSTRAINT; Schema: public; Owner: postgres
--

ALTER TABLE ONLY public.medio_auth_customuser
    ADD CONSTRAINT medio_auth_customuser_license_number_key UNIQUE (license_number);


--
-- Name: medio_auth_customuser medio_auth_customuser_pkey; Type: CONSTRAINT; Schema: public; Owner: postgres
--

ALTER TABLE ONLY public.medio_auth_customuser
    ADD CONSTRAINT medio_auth_customuser_pkey PRIMARY KEY (id);


--
-- Name: medio_auth_customuser_user_permissions medio_auth_customuser_us_customuser_id_permission_0c4336c2_uniq; Type: CONSTRAINT; Schema: public; Owner: postgres
--

ALTER TABLE ONLY public.medio_auth_customuser_user_permissions
    ADD CONSTRAINT medio_auth_customuser_us_customuser_id_permission_0c4336c2_uniq UNIQUE (customuser_id, permission_id);


--
-- Name: medio_auth_customuser_user_permissions medio_auth_customuser_user_permissions_pkey; Type: CONSTRAINT; Schema: public; Owner: postgres
--

ALTER TABLE ONLY public.medio_auth_customuser_user_permissions
    ADD CONSTRAINT medio_auth_customuser_user_permissions_pkey PRIMARY KEY (id);


--
-- Name: medio_auth_customuser medio_auth_customuser_username_key; Type: CONSTRAINT; Schema: public; Owner: postgres
--

ALTER TABLE ONLY public.medio_auth_customuser
    ADD CONSTRAINT medio_auth_customuser_username_key UNIQUE (username);


--
-- Name: token_blacklist_blacklistedtoken token_blacklist_blacklistedtoken_pkey; Type: CONSTRAINT; Schema: public; Owner: postgres
--

ALTER TABLE ONLY public.token_blacklist_blacklistedtoken
    ADD CONSTRAINT token_blacklist_blacklistedtoken_pkey PRIMARY KEY (id);


--
-- Name: token_blacklist_blacklistedtoken token_blacklist_blacklistedtoken_token_id_key; Type: CONSTRAINT; Schema: public; Owner: postgres
--

ALTER TABLE ONLY public.token_blacklist_blacklistedtoken
    ADD CONSTRAINT token_blacklist_blacklistedtoken_token_id_key UNIQUE (token_id);


--
-- Name: token_blacklist_outstandingtoken token_blacklist_outstandingtoken_jti_hex_d9bdf6f7_uniq; Type: CONSTRAINT; Schema: public; Owner: postgres
--

ALTER TABLE ONLY public.token_blacklist_outstandingtoken
    ADD CONSTRAINT token_blacklist_outstandingtoken_jti_hex_d9bdf6f7_uniq UNIQUE (jti);


--
-- Name: token_blacklist_outstandingtoken token_blacklist_outstandingtoken_pkey; Type: CONSTRAINT; Schema: public; Owner: postgres
--

ALTER TABLE ONLY public.token_blacklist_outstandingtoken
    ADD CONSTRAINT token_blacklist_outstandingtoken_pkey PRIMARY KEY (id);


--
-- Name: auth_group_name_a6ea08ec_like; Type: INDEX; Schema: public; Owner: postgres
--

CREATE INDEX auth_group_name_a6ea08ec_like ON public.auth_group USING btree (name varchar_pattern_ops);


--
-- Name: auth_group_permissions_group_id_b120cbf9; Type: INDEX; Schema: public; Owner: postgres
--

CREATE INDEX auth_group_permissions_group_id_b120cbf9 ON public.auth_group_permissions USING btree (group_id);


--
-- Name: auth_group_permissions_permission_id_84c5c92e; Type: INDEX; Schema: public; Owner: postgres
--

CREATE INDEX auth_group_permissions_permission_id_84c5c92e ON public.auth_group_permissions USING btree (permission_id);


--
-- Name: auth_permission_content_type_id_2f476e4b; Type: INDEX; Schema: public; Owner: postgres
--

CREATE INDEX auth_permission_content_type_id_2f476e4b ON public.auth_permission USING btree (content_type_id);


--
-- Name: django_admin_log_content_type_id_c4bce8eb; Type: INDEX; Schema: public; Owner: postgres
--

CREATE INDEX django_admin_log_content_type_id_c4bce8eb ON public.django_admin_log USING btree (content_type_id);


--
-- Name: django_admin_log_user_id_c564eba6; Type: INDEX; Schema: public; Owner: postgres
--

CREATE INDEX django_admin_log_user_id_c564eba6 ON public.django_admin_log USING btree (user_id);


--
-- Name: django_session_expire_date_a5c62663; Type: INDEX; Schema: public; Owner: postgres
--

CREATE INDEX django_session_expire_date_a5c62663 ON public.django_session USING btree (expire_date);


--
-- Name: django_session_session_key_c0390e0f_like; Type: INDEX; Schema: public; Owner: postgres
--

CREATE INDEX django_session_session_key_c0390e0f_like ON public.django_session USING btree (session_key varchar_pattern_ops);


--
-- Name: medico_calc_hospita_ae0e41_idx; Type: INDEX; Schema: public; Owner: postgres
--

CREATE INDEX medico_calc_hospita_ae0e41_idx ON public.medico_calculationhistory USING btree (hospital_id);


--
-- Name: medico_calc_operati_bb97d1_idx; Type: INDEX; Schema: public; Owner: postgres
--

CREATE INDEX medico_calc_operati_bb97d1_idx ON public.medico_calculationhistory USING btree (operation_id);


--
-- Name: medico_calc_user_id_c8effa_idx; Type: INDEX; Schema: public; Owner: postgres
--

CREATE INDEX medico_calc_user_id_c8effa_idx ON public.medico_calculationhistory USING btree (user_id, calculated_at);


--
-- Name: medico_calculationhistory_hospital_id_6b14ea80; Type: INDEX; Schema: public; Owner: postgres
--

CREATE INDEX medico_calculationhistory_hospital_id_6b14ea80 ON public.medico_calculationhistory USING btree (hospital_id);


--
-- Name: medico_calculationhistory_operation_id_920f1bc1; Type: INDEX; Schema: public; Owner: postgres
--

CREATE INDEX medico_calculationhistory_operation_id_920f1bc1 ON public.medico_calculationhistory USING btree (operation_id);


--
-- Name: medico_calculationhistory_user_id_1142d9d0; Type: INDEX; Schema: public; Owner: postgres
--

CREATE INDEX medico_calculationhistory_user_id_1142d9d0 ON public.medico_calculationhistory USING btree (user_id);


--
-- Name: medico_case_case_id_b50179_idx; Type: INDEX; Schema: public; Owner: postgres
--

CREATE INDEX medico_case_case_id_b50179_idx ON public.medico_caseprocedure USING btree (case_id, "order");


--
-- Name: medico_case_surgery_baa331_idx; Type: INDEX; Schema: public; Owner: postgres
--

CREATE INDEX medico_case_surgery_baa331_idx ON public.medico_caseprocedure USING btree (surgery_code);


--
-- Name: medico_caseprocedure_case_id_d95c45dd; Type: INDEX; Schema: public; Owner: postgres
--

CREATE INDEX medico_caseprocedure_case_id_d95c45dd ON public.medico_caseprocedure USING btree (case_id);


--
-- Name: medico_favo_hospita_216497_idx; Type: INDEX; Schema: public; Owner: postgres
--

CREATE INDEX medico_favo_hospita_216497_idx ON public.medico_favoritehospital USING btree (hospital_id);


--
-- Name: medico_favo_surgery_94c8a0_idx; Type: INDEX; Schema: public; Owner: postgres
--

CREATE INDEX medico_favo_surgery_94c8a0_idx ON public.medico_favorite USING btree (surgery_code);


--
-- Name: medico_favo_user_id_0d3584_idx; Type: INDEX; Schema: public; Owner: postgres
--

CREATE INDEX medico_favo_user_id_0d3584_idx ON public.medico_favoritehospital USING btree (user_id, created_at);


--
-- Name: medico_favo_user_id_919855_idx; Type: INDEX; Schema: public; Owner: postgres
--

CREATE INDEX medico_favo_user_id_919855_idx ON public.medico_favorite USING btree (user_id, created_at);


--
-- Name: medico_favorite_user_id_e457f370; Type: INDEX; Schema: public; Owner: postgres
--

CREATE INDEX medico_favorite_user_id_e457f370 ON public.medico_favorite USING btree (user_id);


--
-- Name: medico_favoritehospital_hospital_id_912931b6; Type: INDEX; Schema: public; Owner: postgres
--

CREATE INDEX medico_favoritehospital_hospital_id_912931b6 ON public.medico_favoritehospital USING btree (hospital_id);


--
-- Name: medico_favoritehospital_user_id_146b0466; Type: INDEX; Schema: public; Owner: postgres
--

CREATE INDEX medico_favoritehospital_user_id_146b0466 ON public.medico_favoritehospital USING btree (user_id);


--
-- Name: medico_hospital_name_73d352c1_like; Type: INDEX; Schema: public; Owner: postgres
--

CREATE INDEX medico_hospital_name_73d352c1_like ON public.medico_hospital USING btree (name varchar_pattern_ops);


--
-- Name: medico_hospitaloperationrate_hospital_id_9fbe3e78; Type: INDEX; Schema: public; Owner: postgres
--

CREATE INDEX medico_hospitaloperationrate_hospital_id_9fbe3e78 ON public.medico_hospitaloperationrate USING btree (hospital_id);


--
-- Name: medico_hospitaloperationrate_operation_id_145b5261; Type: INDEX; Schema: public; Owner: postgres
--

CREATE INDEX medico_hospitaloperationrate_operation_id_145b5261 ON public.medico_hospitaloperationrate USING btree (operation_id);


--
-- Name: medico_oper_code_6602aa_idx; Type: INDEX; Schema: public; Owner: postgres
--

CREATE INDEX medico_oper_code_6602aa_idx ON public.medico_operation USING btree (code);


--
-- Name: medico_oper_name_cb89a3_idx; Type: INDEX; Schema: public; Owner: postgres
--

CREATE INDEX medico_oper_name_cb89a3_idx ON public.medico_operation USING btree (name);


--
-- Name: medico_oper_special_7f641b_idx; Type: INDEX; Schema: public; Owner: postgres
--

CREATE INDEX medico_oper_special_7f641b_idx ON public.medico_operation USING btree (specialty_id);


--
-- Name: medico_operation_specialty_id_8a310a36; Type: INDEX; Schema: public; Owner: postgres
--

CREATE INDEX medico_operation_specialty_id_8a310a36 ON public.medico_operation USING btree (specialty_id);


--
-- Name: medico_specialty_name_e20e5447_like; Type: INDEX; Schema: public; Owner: postgres
--

CREATE INDEX medico_specialty_name_e20e5447_like ON public.medico_specialty USING btree (name varchar_pattern_ops);


--
-- Name: medico_surg_created_2a8d75_idx; Type: INDEX; Schema: public; Owner: postgres
--

CREATE INDEX medico_surg_created_2a8d75_idx ON public.medico_surgicalcase USING btree (created_by_id, surgery_date);


--
-- Name: medico_surg_hospita_94bac7_idx; Type: INDEX; Schema: public; Owner: postgres
--

CREATE INDEX medico_surg_hospita_94bac7_idx ON public.medico_surgicalcase USING btree (hospital_id, surgery_date);


--
-- Name: medico_surg_patient_f02d4a_idx; Type: INDEX; Schema: public; Owner: postgres
--

CREATE INDEX medico_surg_patient_f02d4a_idx ON public.medico_surgicalcase USING btree (patient_id);


--
-- Name: medico_surg_status_805f06_idx; Type: INDEX; Schema: public; Owner: postgres
--

CREATE INDEX medico_surg_status_805f06_idx ON public.medico_surgicalcase USING btree (status);


--
-- Name: medico_surgicalcase_created_by_id_4b6947b4; Type: INDEX; Schema: public; Owner: postgres
--

CREATE INDEX medico_surgicalcase_created_by_id_4b6947b4 ON public.medico_surgicalcase USING btree (created_by_id);


--
-- Name: medico_surgicalcase_hospital_id_f946a332; Type: INDEX; Schema: public; Owner: postgres
--

CREATE INDEX medico_surgicalcase_hospital_id_f946a332 ON public.medico_surgicalcase USING btree (hospital_id);


--
-- Name: medio_auth__created_65a67b_idx; Type: INDEX; Schema: public; Owner: postgres
--

CREATE INDEX medio_auth__created_65a67b_idx ON public.medio_auth_customuser USING btree (created_at);


--
-- Name: medio_auth__email_458830_idx; Type: INDEX; Schema: public; Owner: postgres
--

CREATE INDEX medio_auth__email_458830_idx ON public.medio_auth_customuser USING btree (email);


--
-- Name: medio_auth__license_c2d44f_idx; Type: INDEX; Schema: public; Owner: postgres
--

CREATE INDEX medio_auth__license_c2d44f_idx ON public.medio_auth_customuser USING btree (license_number);


--
-- Name: medio_auth_customuser_email_c17668c2_like; Type: INDEX; Schema: public; Owner: postgres
--

CREATE INDEX medio_auth_customuser_email_c17668c2_like ON public.medio_auth_customuser USING btree (email varchar_pattern_ops);


--
-- Name: medio_auth_customuser_groups_customuser_id_ab6f8d01; Type: INDEX; Schema: public; Owner: postgres
--

CREATE INDEX medio_auth_customuser_groups_customuser_id_ab6f8d01 ON public.medio_auth_customuser_groups USING btree (customuser_id);


--
-- Name: medio_auth_customuser_groups_group_id_c13ff909; Type: INDEX; Schema: public; Owner: postgres
--

CREATE INDEX medio_auth_customuser_groups_group_id_c13ff909 ON public.medio_auth_customuser_groups USING btree (group_id);


--
-- Name: medio_auth_customuser_license_number_4b17acf2_like; Type: INDEX; Schema: public; Owner: postgres
--

CREATE INDEX medio_auth_customuser_license_number_4b17acf2_like ON public.medio_auth_customuser USING btree (license_number varchar_pattern_ops);


--
-- Name: medio_auth_customuser_user_permissions_customuser_id_a18de69b; Type: INDEX; Schema: public; Owner: postgres
--

CREATE INDEX medio_auth_customuser_user_permissions_customuser_id_a18de69b ON public.medio_auth_customuser_user_permissions USING btree (customuser_id);


--
-- Name: medio_auth_customuser_user_permissions_permission_id_bc30c5fa; Type: INDEX; Schema: public; Owner: postgres
--

CREATE INDEX medio_auth_customuser_user_permissions_permission_id_bc30c5fa ON public.medio_auth_customuser_user_permissions USING btree (permission_id);


--
-- Name: medio_auth_customuser_username_545f4023_like; Type: INDEX; Schema: public; Owner: postgres
--

CREATE INDEX medio_auth_customuser_username_545f4023_like ON public.medio_auth_customuser USING btree (username varchar_pattern_ops);


--
-- Name: token_blacklist_outstandingtoken_jti_hex_d9bdf6f7_like; Type: INDEX; Schema: public; Owner: postgres
--

CREATE INDEX token_blacklist_outstandingtoken_jti_hex_d9bdf6f7_like ON public.token_blacklist_outstandingtoken USING btree (jti varchar_pattern_ops);


--
-- Name: token_blacklist_outstandingtoken_user_id_83bc629a; Type: INDEX; Schema: public; Owner: postgres
--

CREATE INDEX token_blacklist_outstandingtoken_user_id_83bc629a ON public.token_blacklist_outstandingtoken USING btree (user_id);


--
-- Name: auth_group_permissions auth_group_permissio_permission_id_84c5c92e_fk_auth_perm; Type: FK CONSTRAINT; Schema: public; Owner: postgres
--

ALTER TABLE ONLY public.auth_group_permissions
    ADD CONSTRAINT auth_group_permissio_permission_id_84c5c92e_fk_auth_perm FOREIGN KEY (permission_id) REFERENCES public.auth_permission(id) DEFERRABLE INITIALLY DEFERRED;


--
-- Name: auth_group_permissions auth_group_permissions_group_id_b120cbf9_fk_auth_group_id; Type: FK CONSTRAINT; Schema: public; Owner: postgres
--

ALTER TABLE ONLY public.auth_group_permissions
    ADD CONSTRAINT auth_group_permissions_group_id_b120cbf9_fk_auth_group_id FOREIGN KEY (group_id) REFERENCES public.auth_group(id) DEFERRABLE INITIALLY DEFERRED;


--
-- Name: auth_permission auth_permission_content_type_id_2f476e4b_fk_django_co; Type: FK CONSTRAINT; Schema: public; Owner: postgres
--

ALTER TABLE ONLY public.auth_permission
    ADD CONSTRAINT auth_permission_content_type_id_2f476e4b_fk_django_co FOREIGN KEY (content_type_id) REFERENCES public.django_content_type(id) DEFERRABLE INITIALLY DEFERRED;


--
-- Name: django_admin_log django_admin_log_content_type_id_c4bce8eb_fk_django_co; Type: FK CONSTRAINT; Schema: public; Owner: postgres
--

ALTER TABLE ONLY public.django_admin_log
    ADD CONSTRAINT django_admin_log_content_type_id_c4bce8eb_fk_django_co FOREIGN KEY (content_type_id) REFERENCES public.django_content_type(id) DEFERRABLE INITIALLY DEFERRED;


--
-- Name: django_admin_log django_admin_log_user_id_c564eba6_fk_medio_auth_customuser_id; Type: FK CONSTRAINT; Schema: public; Owner: postgres
--

ALTER TABLE ONLY public.django_admin_log
    ADD CONSTRAINT django_admin_log_user_id_c564eba6_fk_medio_auth_customuser_id FOREIGN KEY (user_id) REFERENCES public.medio_auth_customuser(id) DEFERRABLE INITIALLY DEFERRED;


--
-- Name: medico_calculationhistory medico_calculationhi_hospital_id_6b14ea80_fk_medico_ho; Type: FK CONSTRAINT; Schema: public; Owner: postgres
--

ALTER TABLE ONLY public.medico_calculationhistory
    ADD CONSTRAINT medico_calculationhi_hospital_id_6b14ea80_fk_medico_ho FOREIGN KEY (hospital_id) REFERENCES public.medico_hospital(id) DEFERRABLE INITIALLY DEFERRED;


--
-- Name: medico_calculationhistory medico_calculationhi_operation_id_920f1bc1_fk_medico_op; Type: FK CONSTRAINT; Schema: public; Owner: postgres
--

ALTER TABLE ONLY public.medico_calculationhistory
    ADD CONSTRAINT medico_calculationhi_operation_id_920f1bc1_fk_medico_op FOREIGN KEY (operation_id) REFERENCES public.medico_operation(id) DEFERRABLE INITIALLY DEFERRED;


--
-- Name: medico_calculationhistory medico_calculationhi_user_id_1142d9d0_fk_medio_aut; Type: FK CONSTRAINT; Schema: public; Owner: postgres
--

ALTER TABLE ONLY public.medico_calculationhistory
    ADD CONSTRAINT medico_calculationhi_user_id_1142d9d0_fk_medio_aut FOREIGN KEY (user_id) REFERENCES public.medio_auth_customuser(id) DEFERRABLE INITIALLY DEFERRED;


--
-- Name: medico_caseprocedure medico_caseprocedure_case_id_d95c45dd_fk_medico_surgicalcase_id; Type: FK CONSTRAINT; Schema: public; Owner: postgres
--

ALTER TABLE ONLY public.medico_caseprocedure
    ADD CONSTRAINT medico_caseprocedure_case_id_d95c45dd_fk_medico_surgicalcase_id FOREIGN KEY (case_id) REFERENCES public.medico_surgicalcase(id) DEFERRABLE INITIALLY DEFERRED;


--
-- Name: medico_favorite medico_favorite_user_id_e457f370_fk_medio_auth_customuser_id; Type: FK CONSTRAINT; Schema: public; Owner: postgres
--

ALTER TABLE ONLY public.medico_favorite
    ADD CONSTRAINT medico_favorite_user_id_e457f370_fk_medio_auth_customuser_id FOREIGN KEY (user_id) REFERENCES public.medio_auth_customuser(id) DEFERRABLE INITIALLY DEFERRED;


--
-- Name: medico_favoritehospital medico_favoritehospi_hospital_id_912931b6_fk_medico_ho; Type: FK CONSTRAINT; Schema: public; Owner: postgres
--

ALTER TABLE ONLY public.medico_favoritehospital
    ADD CONSTRAINT medico_favoritehospi_hospital_id_912931b6_fk_medico_ho FOREIGN KEY (hospital_id) REFERENCES public.medico_hospital(id) DEFERRABLE INITIALLY DEFERRED;


--
-- Name: medico_favoritehospital medico_favoritehospi_user_id_146b0466_fk_medio_aut; Type: FK CONSTRAINT; Schema: public; Owner: postgres
--

ALTER TABLE ONLY public.medico_favoritehospital
    ADD CONSTRAINT medico_favoritehospi_user_id_146b0466_fk_medio_aut FOREIGN KEY (user_id) REFERENCES public.medio_auth_customuser(id) DEFERRABLE INITIALLY DEFERRED;


--
-- Name: medico_hospitaloperationrate medico_hospitalopera_hospital_id_9fbe3e78_fk_medico_ho; Type: FK CONSTRAINT; Schema: public; Owner: postgres
--

ALTER TABLE ONLY public.medico_hospitaloperationrate
    ADD CONSTRAINT medico_hospitalopera_hospital_id_9fbe3e78_fk_medico_ho FOREIGN KEY (hospital_id) REFERENCES public.medico_hospital(id) DEFERRABLE INITIALLY DEFERRED;


--
-- Name: medico_hospitaloperationrate medico_hospitalopera_operation_id_145b5261_fk_medico_op; Type: FK CONSTRAINT; Schema: public; Owner: postgres
--

ALTER TABLE ONLY public.medico_hospitaloperationrate
    ADD CONSTRAINT medico_hospitalopera_operation_id_145b5261_fk_medico_op FOREIGN KEY (operation_id) REFERENCES public.medico_operation(id) DEFERRABLE INITIALLY DEFERRED;


--
-- Name: medico_operation medico_operation_specialty_id_8a310a36_fk_medico_specialty_id; Type: FK CONSTRAINT; Schema: public; Owner: postgres
--

ALTER TABLE ONLY public.medico_operation
    ADD CONSTRAINT medico_operation_specialty_id_8a310a36_fk_medico_specialty_id FOREIGN KEY (specialty_id) REFERENCES public.medico_specialty(id) DEFERRABLE INITIALLY DEFERRED;


--
-- Name: medico_surgicalcase medico_surgicalcase_created_by_id_4b6947b4_fk_medio_aut; Type: FK CONSTRAINT; Schema: public; Owner: postgres
--

ALTER TABLE ONLY public.medico_surgicalcase
    ADD CONSTRAINT medico_surgicalcase_created_by_id_4b6947b4_fk_medio_aut FOREIGN KEY (created_by_id) REFERENCES public.medio_auth_customuser(id) DEFERRABLE INITIALLY DEFERRED;


--
-- Name: medico_surgicalcase medico_surgicalcase_hospital_id_f946a332_fk_medico_hospital_id; Type: FK CONSTRAINT; Schema: public; Owner: postgres
--

ALTER TABLE ONLY public.medico_surgicalcase
    ADD CONSTRAINT medico_surgicalcase_hospital_id_f946a332_fk_medico_hospital_id FOREIGN KEY (hospital_id) REFERENCES public.medico_hospital(id) DEFERRABLE INITIALLY DEFERRED;


--
-- Name: medio_auth_customuser_user_permissions medio_auth_customuse_customuser_id_a18de69b_fk_medio_aut; Type: FK CONSTRAINT; Schema: public; Owner: postgres
--

ALTER TABLE ONLY public.medio_auth_customuser_user_permissions
    ADD CONSTRAINT medio_auth_customuse_customuser_id_a18de69b_fk_medio_aut FOREIGN KEY (customuser_id) REFERENCES public.medio_auth_customuser(id) DEFERRABLE INITIALLY DEFERRED;


--
-- Name: medio_auth_customuser_groups medio_auth_customuse_customuser_id_ab6f8d01_fk_medio_aut; Type: FK CONSTRAINT; Schema: public; Owner: postgres
--

ALTER TABLE ONLY public.medio_auth_customuser_groups
    ADD CONSTRAINT medio_auth_customuse_customuser_id_ab6f8d01_fk_medio_aut FOREIGN KEY (customuser_id) REFERENCES public.medio_auth_customuser(id) DEFERRABLE INITIALLY DEFERRED;


--
-- Name: medio_auth_customuser_user_permissions medio_auth_customuse_permission_id_bc30c5fa_fk_auth_perm; Type: FK CONSTRAINT; Schema: public; Owner: postgres
--

ALTER TABLE ONLY public.medio_auth_customuser_user_permissions
    ADD CONSTRAINT medio_auth_customuse_permission_id_bc30c5fa_fk_auth_perm FOREIGN KEY (permission_id) REFERENCES public.auth_permission(id) DEFERRABLE INITIALLY DEFERRED;


--
-- Name: medio_auth_customuser_groups medio_auth_customuser_groups_group_id_c13ff909_fk_auth_group_id; Type: FK CONSTRAINT; Schema: public; Owner: postgres
--

ALTER TABLE ONLY public.medio_auth_customuser_groups
    ADD CONSTRAINT medio_auth_customuser_groups_group_id_c13ff909_fk_auth_group_id FOREIGN KEY (group_id) REFERENCES public.auth_group(id) DEFERRABLE INITIALLY DEFERRED;


--
-- Name: token_blacklist_blacklistedtoken token_blacklist_blacklistedtoken_token_id_3cc7fe56_fk; Type: FK CONSTRAINT; Schema: public; Owner: postgres
--

ALTER TABLE ONLY public.token_blacklist_blacklistedtoken
    ADD CONSTRAINT token_blacklist_blacklistedtoken_token_id_3cc7fe56_fk FOREIGN KEY (token_id) REFERENCES public.token_blacklist_outstandingtoken(id) DEFERRABLE INITIALLY DEFERRED;


--
-- Name: token_blacklist_outstandingtoken token_blacklist_outs_user_id_83bc629a_fk_medio_aut; Type: FK CONSTRAINT; Schema: public; Owner: postgres
--

ALTER TABLE ONLY public.token_blacklist_outstandingtoken
    ADD CONSTRAINT token_blacklist_outs_user_id_83bc629a_fk_medio_aut FOREIGN KEY (user_id) REFERENCES public.medio_auth_customuser(id) DEFERRABLE INITIALLY DEFERRED;


--
-- PostgreSQL database dump complete
--

